{"cameraMode":{"drawMode":0,"name":"Shaded","section":"Shading Mode"},"sceneLighting":false,"audioPlay":false,"sceneViewState":{"m_AlwaysRefresh":false,"showFog":true,"showSkybox":false,"showFlares":true,"showImageEffects":true,"showParticleSystems":true,"showVisualEffectGraphs":true,"m_FxEnabled":true},"in2DMode":false,"pivot":{"x":0.9875621795654297,"y":-1.5491323471069337,"z":11.429023742675782},"rotation":{"x":-0.24142324924468995,"y":-0.20002800226211549,"z":0.05092867836356163,"w":-0.9482195973396301},"size":18.131046295166017,"orthographic":false}